Group,ID,Collaborator,Subgroup,Side,Leaderside,Role,Trial,CARD,StartClocktime,24hStart,StartLeg1,Start Leg 2,Start Leg 3,Start Leg 4,Start Leg 5,Start Leg 6,End Time,Start,L1E,L2E,L3E,L4E,L5E,Duration,Notes,How do you describe yourself? - Selected Choice,Age Bracket,Race,What is the highest level of education you have completed?,P+,P-,S+,S-,C1,C2,C3,C4,I have a,Trial,RATING,TIME,OVERALL RATING,Do you know the human collaborator you worked with in this experiment?,RB,RC,AB,AC,PB,PC,HLP,TRU,Rude
1,1L,human,hh,1,1,leader,2,beaker,12 :25:01,12 :25:01,12 :25:01,12 :25:02,12 :25:03,12 :25:05,12 :25:06,12 :25:07,12 :25:08,0,1,2,4,5,6,7,Very fast!,Nonbinary,4,1,6,3.5,1,4,1.75,5,3,4,2,R1,2,5,8s,5,2,4.75,2.75,3.75,2.75,2.5,2,3.75,3.5,1.75
1,1F,human,hh,2,1,folllower,2,beaker,12 :25:01,12 :25:01,12 :25:01,12 :25:02,12 :25:03,12 :25:05,12 :25:06,12 :25:07,12 :25:08,0,1,2,4,5,6,7,Very fast!,Female,5,1,6,2.6,2.4,4.2,4,4,1,4,,H1,2,4,8s,5,2,3.5,2.75,3.5,2.75,3.5,1.25,4,1.25,2
1,1F,human,hh,2,1,folllower,3,parasail,12 :25:52,12 :25:52,12 :25:52,12 :25:53,12 :25:55,12 :25:56,12 :25:57,12 :25:58,12 :25:59,0,1,3,4,5,6,7,,Female,5,1,6,2.6,2.4,4.2,4,4,1,4,,H1,3,5,8s,5,2,3.5,2.75,3.5,2.75,3.5,1.25,4,1.25,2
1,1L,human,hh,1,1,leader,3,parasail,12 :25:52,12 :25:52,12 :25:52,12 :25:53,12 :25:55,12 :25:56,12 :25:57,12 :25:58,12 :25:59,0,1,3,4,5,6,7,,Nonbinary,4,1,6,3.5,1,4,1.75,5,3,4,2,R1,3,5,8s,5,2,4.75,2.75,3.75,2.75,2.5,2,3.75,3.5,1.75
1,1L,human,hh,1,1,leader,1,pentagon,12 :23:49,12 :23:49,12 :23:49,12 :23:50,12 :23:52,12 :23:53,12 :23:54,12 :23:55,12 :23:56,0,1,3,4,5,6,7,"Transitions between legs very hard to see, one continuous motion",Nonbinary,4,1,6,3.5,1,4,1.75,5,3,4,2,R1,1,5,6s,5,2,4.75,2.75,3.75,2.75,2.5,2,3.75,3.5,1.75
1,1F,human,hh,2,1,folllower,1,pentagon,12 :23:49,12 :23:49,12 :23:49,12 :23:50,12 :23:52,12 :23:53,12 :23:54,12 :23:55,12 :23:56,0,1,3,4,5,6,7,"Transitions between legs very hard to see, one continuous motion",Female,5,1,6,2.6,2.4,4.2,4,4,1,4,,H1,1,4,6s,5,2,3.5,2.75,3.5,2.75,3.5,1.25,4,1.25,2
2,2F,human,hh,1,2,folllower,1,beaker,exclude,exclude,,,,,,,,0,0,0,0,0,0,0,Missing video,Male,2,1,5,3.75,1.6,4.8,2.6,5,5,5,4,R1,1,5,29,5,3,3.75,2.25,3.5,2.5,2.75,1.75,4,3.5,1.5
2,2L,human,hh,2,2,leader,1,beaker,exclude,exclude,,,,,,,,0,0,0,0,0,0,0,Missing video,Female,2,1,5,2.8,1.8,4.8,2.8,4,5,5,4,H1,1,4,29,5,3,5,2,4.75,3.25,3.75,1.75,4.5,4.5,1
2,2F,human,hh,1,2,folllower,2,jetski,10 :59:40,10 :59:40,10 :59:40,10 :59:43,10 :59:46,10 :59:48,10 :59:53,10 :59:58,11 :00:02,0,3,6,8,13,18,22,"Follower pulls tray towards himself at start, leader goes very high",Male,2,1,5,3.75,1.6,4.8,2.6,5,5,5,4,R1,2,5,24s,5,3,3.75,2.25,3.5,2.5,2.75,1.75,4,3.5,1.5
2,2L,human,hh,2,2,leader,2,jetski,10 :59:40,10 :59:40,10 :59:40,10 :59:43,10 :59:46,10 :59:48,10 :59:53,10 :59:58,11 :00:02,0,3,6,8,13,18,22,"Follower pulls tray towards himself at start, leader goes very high",Female,2,1,5,2.8,1.8,4.8,2.8,4,5,5,4,H1,2,5,24s,5,3,5,2,4.75,3.25,3.75,1.75,4.5,4.5,1
2,2L,human,hh,2,2,leader,3,pentagon,11 :01:01,11 :01:01,11 :01:01,11 :01:03,11 :01:07,11 :01:10,11 :01:14,11 :01:17,11 :01:20,0,2,6,9,13,16,19,"Follower pulls tray towards himself at start, leader goes very high",Female,2,1,5,2.8,1.8,4.8,2.8,4,5,5,4,H1,3,5,21s,5,3,5,2,4.75,3.25,3.75,1.75,4.5,4.5,1
2,2F,human,hh,1,2,folllower,3,pentagon,11 :01:01,11 :01:01,11 :01:01,11 :01:03,11 :01:07,11 :01:10,11 :01:14,11 :01:17,11 :01:20,0,2,6,9,13,16,19,"Follower pulls tray towards himself at start, leader goes very high",Male,2,1,5,3.75,1.6,4.8,2.6,5,5,5,4,R1,3,4,21s,5,3,3.75,2.25,3.5,2.5,2.75,1.75,4,3.5,1.5
3,3F,human,hh,2,1,folllower,3,beaker,2 :17:15,14:17:15,2 :17:15,2 :17:18,2 :17:18,2 :17:24,2 :17:26,2 :17:29,2 :17:31,0,3,3,9,11,14,16,,Male,3,4,6,4,1,4.8,3.6,4,5,5,5,H1,3,4,16s,5,1,3.25,3.5,2.75,3,3.25,3,3.75,4.75,1.5
3,3L,human,hh,1,1,leader,3,beaker,2 :17:15,14:17:15,2 :17:15,2 :17:18,2 :17:18,2 :17:24,2 :17:26,2 :17:29,2 :17:31,0,3,3,9,11,14,16,,Female,4,1,6,2,3,4.4,3.4,,,5,2,R1,3,3,16s,3,1,3,2,2.75,2,2.75,2.25,2.5,3,3
3,3F,human,hh,2,1,folllower,1,jetski,2 :13:51,14:13:51,2 :13:51,2 :13:53,2 :13:55,2 :13:58,2 :14:00,2 :14:03,2 :14:06,0,2,4,7,9,12,15,,Male,3,4,6,4,1,4.8,3.6,4,5,5,5,H1,1,5,15s,5,1,3.25,3.5,2.75,3,3.25,3,3.75,4.75,1.5
3,3L,human,hh,1,1,leader,1,jetski,2 :13:51,14:13:51,2 :13:51,2 :13:53,2 :13:55,2 :13:58,2 :14:00,2 :14:03,2 :14:06,0,2,4,7,9,12,15,,Female,4,1,6,2,3,4.4,3.4,,,5,2,R1,1,3,15s,3,1,3,2,2.75,2,2.75,2.25,2.5,3,3
3,3F,human,hh,2,1,folllower,2,M,2 :15:14,14:15:14,2 :15:14,2 :15:16,2 :15:19,2 :15:24,2 :15:26,2 :15:31,2 :15:34,0,2,5,10,12,17,20,"Pause in leg 3, then down more",Male,3,4,6,4,1,4.8,3.6,4,5,5,5,H1,2,5,22s,5,1,3.25,3.5,2.75,3,3.25,3,3.75,4.75,1.5
3,3L,human,hh,1,1,leader,2,M,2 :15:14,14:15:14,2 :15:14,2 :15:16,2 :15:19,2 :15:24,2 :15:26,2 :15:31,2 :15:34,0,2,5,10,12,17,20,"Pause in leg 3, then down more",Female,4,1,6,2,3,4.4,3.4,,,5,2,R1,2,3,22s,3,1,3,2,2.75,2,2.75,2.25,2.5,3,3
4,4L,human,hh,2,2,leader,2,dt,11 :07:33,11 :07:33,11 :07:33,11 :07:36,11 :07:38,11 :07:41,11 :07:43,11 :07:46,11 :07:48,0,3,5,8,10,13,15,,Male,5,1,6,4,3.33333333333333,4.2,4,4,4,5,4,R1,2,4,17s,5,3,4.25,1,4.25,1.75,2.75,1.25,2.75,3,2.25
4,4F,human,hh,1,2,folllower,2,dt,11 :07:33,11 :07:33,11 :07:33,11 :07:36,11 :07:38,11 :07:41,11 :07:43,11 :07:46,11 :07:48,0,3,5,8,10,13,15,,Female,5,1,6,N/A,2.66666666666667,4,4,4,1,5,1,H1,2,3,17s,4,3,2,1,1.5,3,2,1.5,2.5,3,1.5
4,4L,human,hh,2,2,leader,3,jetski,11 :08:34,11 :08:34,11 :08:34,11 :08:35,11 :08:37,11 :08:40,11 :08:42,11 :08:44,11 :08:47,0,1,3,6,8,10,13,,Male,5,1,6,4,3.33333333333333,4.2,4,4,4,5,4,R1,3,5,13s,5,3,4.25,1,4.25,1.75,2.75,1.25,2.75,3,2.25
4,4F,human,hh,1,2,folllower,3,jetski,11 :08:34,11 :08:34,11 :08:34,11 :08:35,11 :08:37,11 :08:40,11 :08:42,11 :08:44,11 :08:47,0,1,3,6,8,10,13,,Female,5,1,6,N/A,2.66666666666667,4,4,4,1,5,1,H1,3,4,13s,4,3,2,1,1.5,3,2,1.5,2.5,3,1.5
4,4L,human,hh,2,2,leader,1,M,11:06:26,11:06:26,11:06:26,11:06:28,11:06:31,11:06:33,11:06:36,11:06:37,11:06:39,0,2,5,7,10,11,13,,Male,5,1,6,4,3.33333333333333,4.2,4,4,4,5,4,R1,1,5,14s,5,3,4.25,1,4.25,1.75,2.75,1.25,2.75,3,2.25
4,4F,human,hh,1,2,folllower,1,M,11:06:26,11:06:26,11:06:26,11:06:28,11:06:31,11:06:33,11:06:36,11:06:37,11:06:39,0,2,5,7,10,11,13,,Female,5,1,6,N/A,2.66666666666667,4,4,4,1,5,1,H1,1,5,14s,4,3,2,1,1.5,3,2,1.5,2.5,3,1.5
5,5L,human,hh,2,2,leader,3,dt,6 :28:01,18:28:01,6 :28:01,6 :28:03,6 :28:05,6 :28:07,6 :28:08,6 :28:11,6 :28:12,0,2,4,6,7,10,11,,Male,2,4,2,2.6,2.4,4.6,3.8,4,4,4,4,R1,3,5,12s,5,3,4.5,3,4,2.25,2.75,1.25,4.5,3.25,1.75
5,5F,human,hh,1,2,folllower,3,dt,6 :28:01,18:28:01,6 :28:01,6 :28:03,6 :28:05,6 :28:07,6 :28:08,6 :28:11,6 :28:12,0,2,4,6,7,10,11,,Male,2,1,2,3,1.8,4.8,3.6,5,3,5,4,H1,3,4,12s,3,3,1.75,1.5,2.75,2.5,2.75,1.5,3.25,2,3
5,5L,human,hh,2,2,leader,1,M,6 :25:33,18:25:33,6 :25:33,6 :25:35,6 :25:36,6 :25:38,6 :25:40,6 :25:42,6 :25:44,0,2,3,5,7,9,11,,Male,2,4,2,2.6,2.4,4.6,3.8,4,4,4,4,R1,1,5,11s,5,3,4.5,3,4,2.25,2.75,1.25,4.5,3.25,1.75
5,5F,human,hh,1,2,folllower,1,M,6 :25:33,18:25:33,6 :25:33,6 :25:35,6 :25:36,6 :25:38,6 :25:40,6 :25:42,6 :25:44,0,2,3,5,7,9,11,,Male,2,1,2,3,1.8,4.8,3.6,5,3,5,4,H1,1,3,11s,3,3,1.75,1.5,2.75,2.5,2.75,1.5,3.25,2,3
5,5L,human,hh,2,2,leader,2,parasail,6 :26:57,18:26:57,6 :26:57,6 :26:59,6 :27:00,6 :27:01,6 :27:03,6 :27:04,6 :27:06,0,2,3,4,6,7,9,,Male,2,4,2,2.6,2.4,4.6,3.8,4,4,4,4,R1,2,5,8s,5,3,4.5,3,4,2.25,2.75,1.25,4.5,3.25,1.75
5,5F,human,hh,1,2,folllower,2,parasail,6 :26:57,18:26:57,6 :26:57,6 :26:59,6 :27:00,6 :27:01,6 :27:03,6 :27:04,6 :27:06,0,2,3,4,6,7,9,,Male,2,1,2,3,1.8,4.8,3.6,5,3,5,4,H1,2,2,8s,3,3,1.75,1.5,2.75,2.5,2.75,1.5,3.25,2,3
6,6L,human,hh,,,leader,3,dt,exclude,exclude,,,,,,,,0,0,0,0,0,0,0,"18:37:01 in IMUdata, no video",Male,2,1,3,3.2,2,5,4.4,4,2,4,3,H1,3,5,17.2,5,1,4.75,3.5,4.5,4,3.5,2.75,4.75,4,1
6,6F,human,hh,,,folllower,3,dt,exclude,exclude,,,,,,,,0,0,0,0,0,0,0,"18:37:01 in IMUdata, no video",Female,4,1,5,5,1,5,3,5,5,5,5,R1,3,2,17.2,3,1,3.75,2.25,3,2,3.75,1.75,3.25,3,2
6,6L,human,hh,,,leader,1,parasail,exclude,exclude,,,,,,,,0,0,0,0,0,0,0,"18:34:39 in IMUdata, no video",Male,2,1,3,3.2,2,5,4.4,4,2,4,3,H1,1,5,22,5,1,4.75,3.5,4.5,4,3.5,2.75,4.75,4,1
6,6F,human,hh,,,folllower,1,parasail,exclude,exclude,,,,,,,,0,0,0,0,0,0,0,"18:34:39 in IMUdata, no video",Female,4,1,5,5,1,5,3,5,5,5,5,R1,1,3,22,3,1,3.75,2.25,3,2,3.75,1.75,3.25,3,2
6,6L,human,hh,,,leader,2,pentagon,exclude,exclude,,,,,,,,0,0,0,0,0,0,0,"18:35:50 in IMUdata, no video",Male,2,1,3,3.2,2,5,4.4,4,2,4,3,H1,2,5,17.2,5,1,4.75,3.5,4.5,4,3.5,2.75,4.75,4,1
6,6F,human,hh,,,folllower,2,pentagon,exclude,exclude,,,,,,,,0,0,0,0,0,0,0,"18:35:50 in IMUdata, no video",Female,4,1,5,5,1,5,3,5,5,5,5,R1,2,2,17.2,3,1,3.75,2.25,3,2,3.75,1.75,3.25,3,2
7,7F,human,hh,1,2,folllower,2,beaker,12 :24:15,12 :24:15,12 :24:15,12 :24:16,12 :24:18,12 :24:20,12 :24:22,12 :24:24,12 :24:26,0,1,3,5,7,9,11,,Male,2,7,2,3.4,3,4.2,4,5,4,5,4,H1,2,3,12s,4,3,3.75,2.75,4,3,3,2,2.75,3,3
7,7L,human,hh,2,2,leader,2,beaker,12 :24:15,12 :24:15,12 :24:15,12 :24:16,12 :24:18,12 :24:20,12 :24:22,12 :24:24,12 :24:26,0,1,3,5,7,9,11,,Male,2,2,2,4,1.6,5,3.8,4,4,5,4,R1,2,4,12s,3,3,4.5,2.25,4.25,3,2.5,2,3.75,3.75,1.75
7,7F,human,hh,1,2,folllower,3,parasail,12 :25:11,12 :25:11,12 :25:11,12 :25:13,12 :25:15,12 :25:17,12 :25:19,12 :25:20,12 :25:22,0,2,4,6,8,9,11,,Male,2,7,2,3.4,3,4.2,4,5,4,5,4,H1,3,4,12s,4,3,3.75,2.75,4,3,3,2,2.75,3,3
7,7L,human,hh,2,2,leader,3,parasail,12 :25:11,12 :25:11,12 :25:11,12 :25:13,12 :25:15,12 :25:17,12 :25:19,12 :25:20,12 :25:22,0,2,4,6,8,9,11,,Male,2,2,2,4,1.6,5,3.8,4,4,5,4,R1,3,4,12s,3,3,4.5,2.25,4.25,3,2.5,2,3.75,3.75,1.75
7,7F,human,hh,1,2,folllower,1,pentagon,12 :22:17,12 :22:17,12 :22:17,12 :22:19,12 :22:21,12 :22:22,12 :22:24,12 :22:26,12 :22:28,0,2,4,5,7,9,11,,Male,2,7,2,3.4,3,4.2,4,5,4,5,4,H1,1,5,10s,4,3,3.75,2.75,4,3,3,2,2.75,3,3
7,7L,human,hh,2,2,leader,1,pentagon,12 :22:17,12 :22:17,12 :22:17,12 :22:19,12 :22:21,12 :22:22,12 :22:24,12 :22:26,12 :22:28,0,2,4,5,7,9,11,,Male,2,2,2,4,1.6,5,3.8,4,4,5,4,R1,1,5,10s,3,3,4.5,2.25,4.25,3,2.5,2,3.75,3.75,1.75
8,8F,human,hh,2,1,folllower,1,beaker,12 :25:00,12 :25:00,12 :25:00,12 :25:02,12 :25:03,12 :25:06,12 :25:08,12 :25:09,12 :25:11,0,2,3,6,8,9,11,,Male,2,1,3,2.8,2.8,4.8,4.4,4,4,4,2,R1,1,5,11s,4,3,3.5,1,4,2.5,3.5,1.25,3.25,2.75,1.75
8,8L,human,hh,1,1,leader,1,beaker,12 :25:00,12 :25:00,12 :25:00,12 :25:02,12 :25:03,12 :25:06,12 :25:08,12 :25:09,12 :25:11,0,2,3,6,8,9,11,,Female,2,1,3,3.4,1.6,4,3.2,4,2,4,1,H1,1,3,11s,3,3,4.75,3.25,4,3.75,3.5,4,4.5,3.5,1
8,8F,human,hh,2,1,folllower,2,jetski,12 :26:07,12 :26:07,12 :26:07,12 :26:08,12 :26:10,12 :26:12,12 :26:13,12 :26:15,12 :26:18,0,1,3,5,6,8,11,,Male,2,1,3,2.8,2.8,4.8,4.4,4,4,4,2,R1,2,4,12s,4,3,3.5,1,4,2.5,3.5,1.25,3.25,2.75,1.75
8,8L,human,hh,1,1,leader,2,jetski,12 :26:07,12 :26:07,12 :26:07,12 :26:08,12 :26:10,12 :26:12,12 :26:13,12 :26:15,12 :26:18,0,1,3,5,6,8,11,,Female,2,1,3,3.4,1.6,4,3.2,4,2,4,1,H1,2,4,12s,3,3,4.75,3.25,4,3.75,3.5,4,4.5,3.5,1
8,8F,human,hh,2,1,folllower,3,pentagon,12 :27:01,12 :27:01,12 :27:01,12 :27:02,12 :27:04,12 :27:05,12 :27:07,12 :27:08,12 :27:10,0,1,3,4,6,7,9,,Male,2,1,3,2.8,2.8,4.8,4.4,4,4,4,2,R1,3,3,10s,4,3,3.5,1,4,2.5,3.5,1.25,3.25,2.75,1.75
8,8L,human,hh,1,1,leader,3,pentagon,12 :27:01,12 :27:01,12 :27:01,12 :27:02,12 :27:04,12 :27:05,12 :27:07,12 :27:08,12 :27:10,0,1,3,4,6,7,9,,Female,2,1,3,3.4,1.6,4,3.2,4,2,4,1,H1,3,3,10s,3,3,4.75,3.25,4,3.75,3.5,4,4.5,3.5,1
9,9L,human,hh,2,2,leader,3,beaker,8 :44:12,8 :44:12,8 :44:12,8 :44:13,8 :44:15,8 :44:17,8 :44:19,8 :44:21,8 :44:22,0,1,3,5,7,9,10,,Female,2,4,2,3,2.8,4.25,4.2,,4,5,,R1,3,5,12s,5,3,4.25,2,2.5,2.75,2.5,1.5,4,3.75,1
9,9F,human,hh,1,2,folllower,3,beaker,8 :44:12,8 :44:12,8 :44:12,8 :44:13,8 :44:15,8 :44:17,8 :44:19,8 :44:21,8 :44:22,0,1,3,5,7,9,10,Shift at top (between leg 3 and 4) to match diagram,Female,2,4,2,3,2.75,4,4,4,1,4,2,H1,3,4,12s,5,3,3.25,1.5,2.25,2,2.5,1,3.25,1.5,1.5
9,9F,human,hh,1,2,folllower,1,jetski,8 :42:15,8 :42:15,8 :42:15,8 :42:17,8 :42:19,8 :42:20,8 :42:22,8 :42:24,8 :42:26,0,2,4,5,7,9,11,,Female,2,4,2,3,2.75,4,4,4,1,4,2,H1,1,4,14s,5,3,3.25,1.5,2.25,2,2.5,1,3.25,1.5,1.5
9,9L,human,hh,2,2,leader,1,jetski,8 :42:15,8 :42:15,8 :42:15,8 :42:17,8 :42:19,8 :42:20,8 :42:22,8 :42:24,8 :42:26,0,2,4,5,7,9,11,,Female,2,4,2,3,2.8,4.25,4.2,,4,5,,R1,1,4,14s,5,3,4.25,2,2.5,2.75,2.5,1.5,4,3.75,1
9,9F,human,hh,1,2,folllower,2,M,8 :43:19,8 :43:19,8 :43:19,8 :43:20,8 :43:23,8 :43:24,8 :43:26,8 :43:29,8 :43:30,0,1,4,5,7,10,11,Looks like follower is anticipating and over-correcting leader,Female,2,4,2,3,2.75,4,4,4,1,4,2,H1,2,4,13s,5,3,3.25,1.5,2.25,2,2.5,1,3.25,1.5,1.5
9,9L,human,hh,2,2,leader,2,M,8 :43:19,8 :43:19,8 :43:19,8 :43:20,8 :43:23,8 :43:24,8 :43:26,8 :43:29,8 :43:30,0,1,4,5,7,10,11,,Female,2,4,2,3,2.8,4.25,4.2,,4,5,,R1,2,3,13s,5,3,4.25,2,2.5,2.75,2.5,1.5,4,3.75,1
10,10F,human,hh,2,1,folllower,2,dt,3 :39:38,15:39:38,3 :39:38,3 :39:40,3 :39:43,3 :39:50,3 :39:53,3 :39:57,3 :39:59,0,2,5,12,15,19,21,,Female,2,6,3,4.4,1.6,4.4,4.5,5,4,5,4,H1,2,4,23s,4,3,3.25,3,3,3.25,3.5,3.25,4.5,3.75,1
10,10L,human,hh,1,1,leader,2,dt,3 :39:38,15:39:38,3 :39:38,3 :39:40,3 :39:43,3 :39:50,3 :39:53,3 :39:57,3 :39:59,0,2,5,12,15,19,21,,Male,2,6,2,3.25,1.8,4.2,3.4,4,4,5,4,R1,2,3,23s,3,3,4,3.5,4,3.25,2.25,3,4,3.5,1.5
10,10F,human,hh,2,1,folllower,3,jetski,3 :40:53,15:40:53,3 :40:53,3 :40:54,3 :40:56,3 :40:58,3 :41:01,3 :41:06,3 :41:09,0,1,3,5,8,13,16,,Female,2,6,3,4.4,1.6,4.4,4.5,5,4,5,4,H1,3,4,18s,4,3,3.25,3,3,3.25,3.5,3.25,4.5,3.75,1
10,10L,human,hh,1,1,leader,3,jetski,3 :40:53,15:40:53,3 :40:53,3 :40:54,3 :40:56,3 :40:58,3 :41:01,3 :41:06,3 :41:09,0,1,3,5,8,13,16,,Male,2,6,2,3.25,1.8,4.2,3.4,4,4,5,4,R1,3,3,18s,3,3,4,3.5,4,3.25,2.25,3,4,3.5,1.5
10,10F,human,hh,2,1,folllower,1,M,3 :37:19,15:37:19,3 :37:19,3 :37:21,3 :37:24,3 :37:31,3 :37:34,3 :37:38,3 :37:41,0,2,5,12,15,19,22,,Female,2,6,3,4.4,1.6,4.4,4.5,5,4,5,4,H1,1,3,24s,4,3,3.25,3,3,3.25,3.5,3.25,4.5,3.75,1
10,10L,human,hh,1,1,leader,1,M,3 :37:19,15:37:19,3 :37:19,3 :37:21,3 :37:24,3 :37:31,3 :37:34,3 :37:38,3 :37:41,0,2,5,12,15,19,22,,Male,2,6,2,3.25,1.8,4.2,3.4,4,4,5,4,R1,1,2,24s,3,3,4,3.5,4,3.25,2.25,3,4,3.5,1.5
11,11L,human,hh,2,2,leader,1,dt,exclude,exclude,05:02:48,5 :02:49,5 :02:51,5 :02:44,5 :02:46,5 :02:47,5 :02:52,4,5,8,0,2,3,9,,Female,3,4,5,4,2.5,3.8,3.66666666666667,4,5,5,4,H1,1,5,10s,4,2,3.5,2.25,3.75,2.5,2.25,2.25,3.25,3,3
11,11F,human,hh,1,2,folllower,1,dt,exclude,exclude,05:02:48,5 :02:49,5 :02:51,5 :02:44,5 :02:46,5 :02:47,5 :02:52,4,5,8,0,2,3,9,"Did pattern 4,5,6,1,2,3",Female,2,4,5,4,2,4,2.66666666666667,4,4,4,4,R1,1,3,10s,3,2,1.75,1.75,2.25,2,2.5,1.5,3.25,3,2
11,11L,human,hh,2,2,leader,3,M,5 :05:34,17:05:34,5 :05:34,5 :05:35,5 :06:36,5 :05:37,5 :06:39,5 :05:40,5 :05:41,0,1,2,3,5,6,7,,Female,3,4,5,4,2.5,3.8,3.66666666666667,4,5,5,4,H1,3,5,6s,4,2,3.5,2.25,3.75,2.5,2.25,2.25,3.25,3,3
11,11F,human,hh,1,2,folllower,3,M,5 :05:34,17:05:34,5 :05:34,5 :05:35,5 :06:36,5 :05:37,5 :06:39,5 :05:40,5 :05:41,0,1,2,3,5,6,7,,Female,2,4,5,4,2,4,2.66666666666667,4,4,4,4,R1,3,3,6s,3,2,1.75,1.75,2.25,2,2.5,1.5,3.25,3,2
11,11L,human,hh,2,2,leader,2,parasail,5 :04:19,17:04:19,5 :04:19,5 :04:20,5 :04:21,5 :04:22,5 :04:23,5 :04:24,5 :04:25,0,1,2,3,4,5,6,,Female,3,4,5,4,2.5,3.8,3.66666666666667,4,5,5,4,H1,2,5,8s,4,2,3.5,2.25,3.75,2.5,2.25,2.25,3.25,3,3
11,11F,human,hh,1,2,folllower,2,parasail,5 :04:19,17:04:19,5 :04:19,5 :04:20,5 :04:21,5 :04:22,5 :04:23,5 :04:24,5 :04:25,0,1,2,3,4,5,6,,Female,2,4,5,4,2,4,2.66666666666667,4,4,4,4,R1,2,3,8s,3,2,1.75,1.75,2.25,2,2.5,1.5,3.25,3,2
12,12F,human,hh,2,1,folllower,3,dt,11 :06:54,11 :06:54,11 :06:54,11 :06:56,11 :06:58,11 :07:00,11 :07:03,11 :07:05,11 :07:06,0,2,4,6,9,11,12,,Female,,1,,4,1.4,5,1.25,5,5,5,5,R1,3,5,13s,5,3,4.5,3.5,4,3.75,3,3.25,4.5,3.5,1.25
12,12L,human,hh,1,1,leader,3,dt,11 :06:54,11 :06:54,11 :06:54,11 :06:56,11 :06:58,11 :07:00,11 :07:03,11 :07:05,11 :07:06,0,2,4,6,9,11,12,,Female,4,1,5,4.25,1,5,2.6,5,4,5,,H1,3,5,13s,5,3,4.5,2.5,4,3,3,2.5,4.25,3.25,2
12,12F,human,hh,2,1,folllower,1,parasail,11 :04:39,11 :04:39,11 :04:39,11 :04:41,11 :04:43,11 :04:45,11 :04:47,11 :04:48,11 :04:52,0,2,4,6,8,9,13,,Female,,1,,4,1.4,5,1.25,5,5,5,5,R1,1,4,14s,5,3,4.5,3.5,4,3.75,3,3.25,4.5,3.5,1.25
12,12L,human,hh,1,1,leader,1,parasail,11 :04:39,11 :04:39,11 :04:39,11 :04:41,11 :04:43,11 :04:45,11 :04:47,11 :04:48,11 :04:52,0,2,4,6,8,9,13,,Female,4,1,5,4.25,1,5,2.6,5,4,5,,H1,1,4,14s,5,3,4.5,2.5,4,3,3,2.5,4.25,3.25,2
12,12L,human,hh,1,1,leader,2,pentagon,11 :06:04,11 :06:04,11 :06:04,11 :06:05,11 :06:07,11 :06:09,11 :06:10,11 :06:12,11 :06:14,0,1,3,5,6,8,10,,Female,4,1,5,4.25,1,5,2.6,5,4,5,,H1,2,5,14s,5,3,4.5,2.5,4,3,3,2.5,4.25,3.25,2
12,12F,human,hh,2,1,folllower,2,pentagon,11 :06:04,11 :06:04,11 :06:04,11 :06:05,11 :06:07,11 :06:09,11 :06:10,11 :06:12,11 :06:14,0,1,3,5,6,8,10,,Female,,1,,4,1.4,5,1.25,5,5,5,5,R1,2,4,14s,5,3,4.5,3.5,4,3.75,3,3.25,4.5,3.5,1.25
13,13L,human,hh,2,2,leader,2,beaker,2 :05:02,14:05:02,2 :05:02,2 :05:04,2 :05:06,2 :05:07,2 :05:08,2 :05:10,2 :05:12,0,2,4,5,6,8,10,,Male,3,1,5,3.4,2,4.6,2.8,4,3,5,3,R1,2,5,12s,5,3,4.25,2,3.75,3.25,3.25,1.25,2.5,1.5,1.5
13,13F,human,hh,1,2,folllower,2,beaker,2 :05:02,14:05:02,2 :05:02,2 :05:04,2 :05:06,2 :05:07,2 :05:08,2 :05:10,2 :05:12,0,2,4,5,6,8,10,,Nonbinary,3,4,5,3.6,1.2,4.6,3.6,4,3,5,4,H1,2,4,12s,4,3,3,2.75,3.25,3,3,2.75,3.25,3.25,2.25
13,13L,human,hh,2,2,leader,3,parasail,2 :06:55,14:06:55,2 :06:55,2 :06:57,2 :06:58,2 :06:59,2 :07:00,2 :07:03,2 :07:05,0,2,3,4,5,8,10,,Male,3,1,5,3.4,2,4.6,2.8,4,3,5,3,R1,3,4,12s,5,3,4.25,2,3.75,3.25,3.25,1.25,2.5,1.5,1.5
13,13F,human,hh,1,2,folllower,3,parasail,2 :06:55,14:06:55,2 :06:55,2 :06:57,2 :06:58,2 :06:59,2 :07:00,2 :07:03,2 :07:05,0,2,3,4,5,8,10,,Nonbinary,3,4,5,3.6,1.2,4.6,3.6,4,3,5,4,H1,3,3,12s,4,3,3,2.75,3.25,3,3,2.75,3.25,3.25,2.25
13,13L,human,hh,2,2,leader,1,pentagon,2 :03:49,14:03:49,2 :03:49,2 :03:51,2 :03:52,2 :03:53,2 :03:55,2 :03:56,2 :03:58,0,2,3,4,6,7,9,,Male,3,1,5,3.4,2,4.6,2.8,4,3,5,3,R1,1,5,9s,5,3,4.25,2,3.75,3.25,3.25,1.25,2.5,1.5,1.5
13,13F,human,hh,1,2,folllower,1,pentagon,2 :03:49,14:03:49,2 :03:49,2 :03:51,2 :03:52,2 :03:53,2 :03:55,2 :03:56,2 :03:58,0,2,3,4,6,7,9,,Nonbinary,3,4,5,3.6,1.2,4.6,3.6,4,3,5,4,H1,1,4,9s,4,3,3,2.75,3.25,3,3,2.75,3.25,3.25,2.25
14,14F,human,hh,2,1,folllower,1,beaker,2 :08:45,14:08:45,2 :08:45,2 :08:47,2 :08:48,2 :08:51,2 :08:52,2 :08:54,2 :08:56,0,2,3,6,7,9,11,,Female,4,1,6,3,2.6,4.4,3.8,4,4,5,3,R1,1,3,13s,4,1,3.75,2,3.75,3,2.5,1.75,3.5,3.75,2
14,14L,human,hh,1,1,leader,1,beaker,2 :08:45,14:08:45,2 :08:45,2 :08:47,2 :08:48,2 :08:51,2 :08:52,2 :08:54,2 :08:56,0,2,3,6,7,9,11,,Male,3,1,3,4,1,4.6,2.8,4,2,5,,H1,1,3,13s,3,1,4.5,2.75,4,2.75,3.75,3.5,3.5,3,2.5
14,14F,human,hh,2,1,folllower,2,jetski,2 :10:22,14:10:22,2 :10:22,2 :10:23,2 :10:25,2 :10:27,2 :10:29,2 :10:31,2 :10:34,0,1,3,5,7,9,12,,Female,4,1,6,3,2.6,4.4,3.8,4,4,5,3,R1,2,4,14s,4,1,3.75,2,3.75,3,2.5,1.75,3.5,3.75,2
14,14L,human,hh,1,1,leader,2,jetski,2 :10:22,14:10:22,2 :10:22,2 :10:23,2 :10:25,2 :10:27,2 :10:29,2 :10:31,2 :10:34,0,1,3,5,7,9,12,,Male,3,1,3,4,1,4.6,2.8,4,2,5,,H1,2,3,14s,3,1,4.5,2.75,4,2.75,3.75,3.5,3.5,3,2.5
14,14F,human,hh,2,1,folllower,3,pentagon,2 :11:14,14:11:14,2 :11:14,2 :11:15,2 :11:17,2 :11:19,2 :11:20,2 :11:22,2 :11:24,0,1,3,5,6,8,10,,Female,4,1,6,3,2.6,4.4,3.8,4,4,5,3,R1,3,3,11s,4,1,3.75,2,3.75,3,2.5,1.75,3.5,3.75,2
14,14L,human,hh,1,1,leader,3,pentagon,2 :11:14,14:11:14,2 :11:14,2 :11:15,2 :11:17,2 :11:19,2 :11:20,2 :11:22,2 :11:24,0,1,3,5,6,8,10,,Male,3,1,3,4,1,4.6,2.8,4,2,5,,H1,3,3,11s,3,1,4.5,2.75,4,2.75,3.75,3.5,3.5,3,2.5
15,15L,human,hh,2,2,leader,3,beaker,11 :01:58,11 :01:58,11 :01:58,11 :02:00,11 :02:02,11 :02:03,11 :02:05,11 :02:07,11 :02:09,0,2,4,5,7,9,11,,Male,2,4,2,3.75,1.8,3,3.2,4,1,5,2,R1,3,4,10s,5,3,3.75,1.5,3.25,3.25,2,1,4.5,1,2.25
15,15F,human,hh,1,2,folllower,3,beaker,11 :01:58,11 :01:58,11 :01:58,11 :02:00,11 :02:02,11 :02:03,11 :02:05,11 :02:07,11 :02:09,0,2,4,5,7,9,11,,Male,2,1,2,3.33333333333333,2.2,4.4,3.4,4,,4,2,H1,3,2,10s,3,3,3.5,2.25,2.75,2.75,3,1.75,4.25,4.5,1
15,15L,human,hh,2,2,leader,1,jetski,10 :59:57,10 :59:57,10 :59:57,10 :59:59,11 :00:01,11 :00:02,11 :00:05,11 :00:08,11 :00:10,0,2,4,5,8,11,13,,Male,2,4,2,3.75,1.8,3,3.2,4,1,5,2,R1,1,5,13s,5,3,3.75,1.5,3.25,3.25,2,1,4.5,1,2.25
15,15F,human,hh,1,2,folllower,1,jetski,10 :59:57,10 :59:57,10 :59:57,10 :59:59,11 :00:01,11 :00:02,11 :00:05,11 :00:08,11 :00:10,0,2,4,5,8,11,13,,Male,2,1,2,3.33333333333333,2.2,4.4,3.4,4,,4,2,H1,1,4,13s,3,3,3.5,2.25,2.75,2.75,3,1.75,4.25,4.5,1
15,15L,human,hh,2,2,leader,2,M,11 :01:04,11 :01:04,11 :01:04,11 :01:05,11 :01:07,11 :01:09,11 :01:11,11 :01:13,11 :01:15,0,1,3,5,7,9,11,,Male,2,4,2,3.75,1.8,3,3.2,4,1,5,2,R1,2,5,12s,5,3,3.75,1.5,3.25,3.25,2,1,4.5,1,2.25
15,15F,human,hh,1,2,folllower,2,M,11 :01:04,11 :01:04,11 :01:04,11 :01:05,11 :01:07,11 :01:09,11 :01:11,11 :01:13,11 :01:15,0,1,3,5,7,9,11,,Male,2,1,2,3.33333333333333,2.2,4.4,3.4,4,,4,2,H1,2,3,12s,3,3,3.5,2.25,2.75,2.75,3,1.75,4.25,4.5,1
16,16L,human,hh,2,2,leader,2,dt,12 :24:34,12 :24:34,12 :24:34,12 :24:36,12 :24:37,12 :24:38,12 :24:39,12 :24:40,12 :24:42,0,2,3,4,5,6,8,,Male,3,1,6,3,1.6,4.8,3.6,5,5,5,5,R1,2,5,8s,5,3,4.25,1.5,4,1.75,2,1.75,4,3,2
16,16F,human,hh,1,2,folllower,2,dt,12 :24:34,12 :24:34,12 :24:34,12 :24:36,12 :24:37,12 :24:38,12 :24:39,12 :24:40,12 :24:42,0,2,3,4,5,6,8,,Male,2,1,5,2,1.2,5,2.5,5,5,5,5,H1,2,4,8s,4,3,2,1.25,2.25,2,2.25,1.25,3.5,2.25,1
16,16L,human,hh,2,2,leader,3,jetski,12 :26:24,12 :26:24,12 :26:24,12 :26:25,12 :26:26,12 :26:27,12 :26:28,12 :26:29,12 :26:30,0,1,2,3,4,5,6,,Male,3,1,6,3,1.6,4.8,3.6,5,5,5,5,R1,3,5,7s,5,3,4.25,1.5,4,1.75,2,1.75,4,3,2
16,16F,human,hh,1,2,folllower,3,jetski,12 :26:24,12 :26:24,12 :26:24,12 :26:25,12 :26:26,12 :26:27,12 :26:28,12 :26:29,12 :26:30,0,1,2,3,4,5,6,,Male,2,1,5,2,1.2,5,2.5,5,5,5,5,H1,3,3,7s,4,3,2,1.25,2.25,2,2.25,1.25,3.5,2.25,1
16,16L,human,hh,2,2,leader,1,M,12 :23:42,12 :23:42,12 :23:42,12 :23:43,12 :23:45,12 :23:46,12 :23:47,12 :23:48,12 :23:50,0,1,3,4,5,6,8,,Male,3,1,6,3,1.6,4.8,3.6,5,5,5,5,R1,1,5,9s,5,3,4.25,1.5,4,1.75,2,1.75,4,3,2
16,16F,human,hh,1,2,folllower,1,M,12 :23:42,12 :23:42,12 :23:42,12 :23:43,12 :23:45,12 :23:46,12 :23:47,12 :23:48,12 :23:50,0,1,3,4,5,6,8,,Male,2,1,5,2,1.2,5,2.5,5,5,5,5,H1,1,4,9s,4,3,2,1.25,2.25,2,2.25,1.25,3.5,2.25,1
17,17L,human,hh,1,1,leader,1,dt,10:49:53,10:49:53,10:49:53,10 :49:55,10 :49:59,10 :50:02,10 :50:05,10 :50:08,10:50:10,0,2,6,9,12,15,17,,Male,2,1,3,3.75,2.6,4.6,2.5,4,1,5,1,H1,1,5,20s,5,3,4.5,3,4.25,3.75,3.5,2.75,4.5,4.75,1
17,17F,human,hh,2,1,folllower,1,dt,10:49:53,10:49:53,10:49:53,10 :49:55,10 :49:59,10 :50:02,10 :50:05,10 :50:08,10:50:10,0,2,6,9,12,15,17,,Male,2,"1,4",3,3.6,1.8,4.2,2.75,4,3,4,1,R1,1,3,20s,3,3,3.5,3,3.75,3.5,3,3.25,3.25,3,2.5
17,17L,human,hh,1,1,leader,3,M,10:52:03,10:52:03,10:52:03,10 :52:07,10 :52:09,10 :52:13,10 :52:15,10 :52:19,10 :52:21,0,4,6,10,12,16,18,,Male,2,1,3,3.75,2.6,4.6,2.5,4,1,5,1,H1,3,4,22s,5,3,4.5,3,4.25,3.75,3.5,2.75,4.5,4.75,1
17,17F,human,hh,2,1,folllower,3,M,10:52:03,10:52:03,10:52:03,10 :52:07,10 :52:09,10 :52:13,10 :52:15,10 :52:19,10 :52:21,0,4,6,10,12,16,18,,Male,2,"1,4",3,3.6,1.8,4.2,2.75,4,3,4,1,R1,3,4,22s,3,3,3.5,3,3.75,3.5,3,3.25,3.25,3,2.5
17,17L,human,hh,1,1,leader,2,parasail,10 :51:03,10 :51:03,10 :51:03,10 :51:06,10 :51:09,10 :51:11,10 :51:15,10 :51:18,10 :51:21,0,3,6,8,12,15,18,,Male,2,1,3,3.75,2.6,4.6,2.5,4,1,5,1,H1,2,4,18s,5,3,4.5,3,4.25,3.75,3.5,2.75,4.5,4.75,1
17,17F,human,hh,2,1,folllower,2,parasail,10 :51:03,10 :51:03,10 :51:03,10 :51:06,10 :51:09,10 :51:11,10 :51:15,10 :51:18,10 :51:21,0,3,6,8,12,15,18,,Male,2,"1,4",3,3.6,1.8,4.2,2.75,4,3,4,1,R1,2,3,18s,3,3,3.5,3,3.75,3.5,3,3.25,3.25,3,2.5
1,1L,robot,humanleader,2,2,leader,5,dt,12 :11:53,12 :11:53,12 :11:53,12 :11:55,12 :12:00,12 :12:05,12 :12:09,12 :12:15,12 :12:17,0,2,7,12,16,22,24,Reached very high for triangle top,Nonbinary,4,1,6,3.5,1,4,1.75,5,3,4,2,R1,5,1,39s,2,2,4.75,2.75,3.75,2.75,2.5,2,3.75,3.5,1.75
1,1L,robot,humanleader,2,2,leader,4,jetski,12 :09:33,12 :09:33,12 :09:33,12 :09:36,12 :09:38,12 :09:40,12 :09:42,12 :09:45,12 :09:49,0,3,5,7,9,12,16,"Soft transitions between legs, rounded corners, some fighting at the end to stay stationary",Nonbinary,4,1,6,3.5,1,4,1.75,5,3,4,2,R1,4,2,17s,2,2,4.75,2.75,3.75,2.75,2.5,2,3.75,3.5,1.75
1,1L,robot,humanleader,2,2,leader,6,M,12 :16:12,12 :16:12,12 :16:12,12 :16:14,12 :16:21,12 :16:25,12 :16:28,12 :16:31,12 :16:35,0,2,9,13,16,19,23,Soft transitions -,Nonbinary,4,1,6,3.5,1,4,1.75,5,3,4,2,R1,6,1,24s,2,2,4.75,2.75,3.75,2.75,2.5,2,3.75,3.5,1.75
2,2L,robot,humanleader,2,2,leader,6,dt,11 :14:29,11 :14:29,11 :14:29,11 :14:34,11 :14:39,11 :14:47,11 :14:51,11 :14:59,11 :15:03,0,5,10,18,22,30,34,,Female,2,1,5,2.8,1.8,4.8,2.8,4,5,5,4,H1,6,3,34s,3,3,5,2,4.75,3.25,3.75,1.75,4.5,4.5,1
2,2L,robot,humanleader,2,2,leader,4,M,11 :09:58,11 :09:58,11 :09:58,11 :10:02,11 :10:08,11 :10:15,11 :10:22,11 :10:28,11 :10:32,0,4,10,17,24,30,34,,Female,2,1,5,2.8,1.8,4.8,2.8,4,5,5,4,H1,4,3,36s,3,3,5,2,4.75,3.25,3.75,1.75,4.5,4.5,1
2,2L,robot,humanleader,2,2,leader,5,parasail,11 :12:31,11 :12:31,11 :12:31,11 :12:38,11 :12:43,11 :12:48,11 :12:59,11 :13:06,11 :13:10,0,7,12,17,28,35,39,"Slow motions, difficult leading",Female,2,1,5,2.8,1.8,4.8,2.8,4,5,5,4,H1,5,2,40s,3,3,5,2,4.75,3.25,3.75,1.75,4.5,4.5,1
3,3L,robot,humanleader,1,2,leader,4,dt,2 :00:28,14:00:28,2 :00:28,2 :00:32,2 :00:39,2 :00:47,2 :00:54,2 :01:00,2 :01:05,0,4,11,19,26,32,37,,Female,4,1,6,2,3,4.4,3.4,,,5,2,R1,4,2,40s,2,1,3,2,2.75,2,2.75,2.25,2.5,3,3
3,3L,robot,humanleader,1,2,leader,6,parasail,2 :04:09,14:04:09,2 :04:09,2 :04:13,2 :04:18,2 :04:21,2:04:23,2 :04:25,2 :04:31,0,4,9,12,14,16,22,Elided legs 4 and 5 together,Female,4,1,6,2,3,4.4,3.4,,,5,2,R1,6,2,22s,2,1,3,2,2.75,2,2.75,2.25,2.5,3,3
3,3L,robot,humanleader,1,2,leader,5,pentagon,2 :02:11,14:02:11,2 :02:11,2 :02:13,2 :02:19,2 :02:22,2 :02:25,2 :02:31,2 :02:34,0,2,8,11,14,20,23,,Female,4,1,6,2,3,4.4,3.4,,,5,2,R1,5,2,25s,2,1,3,2,2.75,2,2.75,2.25,2.5,3,3
4,4L,robot,humanleader,2,2,leader,5,beaker,11 :17:00,11 :17:00,11 :17:00,11 :17:05,11 :17:08,11 :17:14,11 :17:16,11 :17:20,11 :17:23,0,5,8,14,16,20,23,,Male,5,1,6,4,3.33333333333333,4.2,4,4,4,5,4,R1,5,3,23s,3,3,4.25,1,4.25,1.75,2.75,1.25,2.75,3,2.25
4,4L,robot,humanleader,2,2,leader,4,parasail,11 :15:40,11 :15:40,11 :15:40,11 :15:44,11 :15:46,11 :15:49,11 :15:52,11 :15:55,11 :15:59,0,4,6,9,12,15,19,Boundary between legs 2 and 3 soft,Male,5,1,6,4,3.33333333333333,4.2,4,4,4,5,4,R1,4,2,19s,3,3,4.25,1,4.25,1.75,2.75,1.25,2.75,3,2.25
4,4L,robot,humanleader,2,2,leader,6,pentagon,11 :18:16,11 :18:16,11 :18:16,11 :18:19,11 :18:29,11 :18:31,11 :18:35,11 :18:36,11 :18:40,0,3,13,15,19,20,24,,Male,5,1,6,4,3.33333333333333,4.2,4,4,4,5,4,R1,6,3,25s,3,3,4.25,1,4.25,1.75,2.75,1.25,2.75,3,2.25
5,5L,robot,humanleader,2,2,leader,6,beaker,6 :17:58,18:17:58,6 :17:58,6 :18:00,6 :18:01,6 :18:03,6 :18:06,6 :18:07,6 :18:11,0,2,3,5,8,9,13,,Male,2,4,2,2.6,2.4,4.6,3.8,4,4,4,4,R1,6,4,13s,4,3,4.5,3,4,2.25,2.75,1.25,4.5,3.25,1.75
5,5L,robot,humanleader,2,2,leader,5,jetski,6 :16:43,18:16:43,6 :16:43,6 :16:45,6 :16:47,6 :16:48,6 :16:50,6 :16:53,6 :16:58,0,2,4,5,7,10,15,,Male,2,4,2,2.6,2.4,4.6,3.8,4,4,4,4,R1,5,4,15s,4,3,4.5,3,4,2.25,2.75,1.25,4.5,3.25,1.75
5,5L,robot,humanleader,2,2,leader,4,pentagon,6 :15:19,18:15:19,6 :15:19,6 :15:21,6 :15:22,6 :15:24,6 :15:27,6 :15:30,6 :15:33,0,2,3,5,8,11,14,,Male,2,4,2,2.6,2.4,4.6,3.8,4,4,4,4,R1,4,3,14s,4,3,4.5,3,4,2.25,2.75,1.25,4.5,3.25,1.75
6,6L,robot,humanleader,,2,leader,4,beaker,6 :44:02,18:44:02,6 :44:02,6 :44:05,6 :44:08,6 :44:10,6 :44:14,6 :44:16,6 :44:19,0,3,6,8,12,14,17,,Male,2,1,3,3.2,2,5,4.4,4,2,4,3,H1,4,3,18s,4,1,4.75,3.5,4.5,4,3.5,2.75,4.75,4,1
6,6L,robot,humanleader,,2,leader,6,jetski,6 :46:36,18:46:36,6 :46:36,6 :46:38,6 :46:42,6 :46:45,6 :46:47,6 :46:51,6 :46:56,0,2,6,9,11,15,20,,Male,2,1,3,3.2,2,5,4.4,4,2,4,3,H1,6,3,20s,4,1,4.75,3.5,4.5,4,3.5,2.75,4.75,4,1
6,6L,robot,humanleader,,2,leader,5,M,6 :45:30,18:45:30,6 :45:30,6 :45:32,6 :45:35,6 :45:38,6 :45:41,6 :45:43,6 :45:46,0,2,5,8,11,13,16,,Male,2,1,3,3.2,2,5,4.4,4,2,4,3,H1,5,4,17s,4,1,4.75,3.5,4.5,4,3.5,2.75,4.75,4,1
7,7F,robot,humanleader,1,2,leader,5,dt,exclude,exclude,12 :15:54,12 :15:56,12 :16:03,12 :15:46,12 :15:49,12 :15:51,12 :16:03,8,10,17,0,3,5,17,"Participant did leg 4, 5, 6, 1, 2, 3",Male,2,7,2,3.4,3,4.2,4,5,4,5,4,H1,5,4,28s,3,3,3.75,2.75,4,3,3,2,2.75,3,3
7,7F,robot,humanleader,1,2,leader,4,jetski,exclude,exclude,,,,,,,,0,0,0,0,0,0,0,No video,Male,2,7,2,3.4,3,4.2,4,5,4,5,4,H1,4,2,20s,3,3,3.75,2.75,4,3,3,2,2.75,3,3
7,7F,robot,humanleader,1,2,leader,6,M,exclude,exclude,12 :17:16,12 :17:18,12 :17:23,12 :17:08,12 :17:11,12 :17:14,12 :17:26,8,10,15,0,3,6,18,"Participant did leg 4, 5, 6, 1, 2, 3",Male,2,7,2,3.4,3,4.2,4,5,4,5,4,H1,6,4,26s,3,3,3.75,2.75,4,3,3,2,2.75,3,3
8,8L,robot,humanleader,1,2,leader,6,dt,12 :35:33,12 :35:33,12 :35:33,12 :35:36,12 :35:39,12 :35:42,12 :35:45,12 :35:48,12 :35:50,0,3,6,9,12,15,17,,Female,2,1,3,3.4,1.6,4,3.2,4,2,4,1,H1,6,2,18s,2,3,4.75,3.25,4,3.75,3.5,4,4.5,3.5,1
8,8L,robot,humanleader,1,2,leader,4,M,12 :33:12,12 :33:12,12 :33:12,12 :33:15,12 :33:18,12 :33:20,12 :33:23,12 :33:26,12 :33:28,0,3,6,8,11,14,16,,Female,2,1,3,3.4,1.6,4,3.2,4,2,4,1,H1,4,2,16s,2,3,4.75,3.25,4,3.75,3.5,4,4.5,3.5,1
8,8L,robot,humanleader,1,2,leader,5,parasail,12 :34:28,12 :34:28,12 :34:28,12 :34:30,12 :34:33,12 :34:36,12 :34:38,12 :34:40,12 :34:42,0,2,5,8,10,12,14,,Female,2,1,3,3.4,1.6,4,3.2,4,2,4,1,H1,5,2,17s,2,3,4.75,3.25,4,3.75,3.5,4,4.5,3.5,1
9,9L,robot,humanleader,2,2,leader,4,dt,8 :28:23,8 :28:23,8 :28:23,8 :28:24,8 :28:30,8 :28:35,8 :28:39,8 :28:43,8 :28:48,0,1,7,12,16,20,25,Two false starts not following diagram correctly,Female,2,4,2,3,2.8,4.25,4.2,,4,5,,R1,4,2,26s,2,3,4.25,2,2.5,2.75,2.5,1.5,4,3.75,1
9,9L,robot,humanleader,2,2,leader,6,parasail,8 :34:08,8 :34:08,8 :34:08,8 :34:10,8 :34:13,8 :34:16,8 :34:21,8 :34:25,8 :34:30,0,2,5,8,13,17,22,,Female,2,4,2,3,2.8,4.25,4.2,,4,5,,R1,6,2,18s,2,3,4.25,2,2.5,2.75,2.5,1.5,4,3.75,1
9,9L,robot,humanleader,2,2,leader,5,pentagon,8 :30:07,8 :30:07,8 :30:07,8 :30:09,8 :30:12,8 :30:17,8 :30:18,8 :30:22,8 :30:25,0,2,5,10,11,15,18,Minimal transition between legs 4 and 5,Female,2,4,2,3,2.8,4.25,4.2,,4,5,,R1,5,1,21s,2,3,4.25,2,2.5,2.75,2.5,1.5,4,3.75,1
10,10L,robot,humanleader,1,2,leader,5,beaker,3 :54:09,15:54:09,3 :54:09,3 :54:13,3 :54:15,3 :54:18,3 :54:22,3 :54:28,3 :54:34,0,4,6,9,13,19,25,,Male,2,6,2,3.25,1.8,4.2,3.4,4,4,5,4,R1,5,2,27s,4,3,4,3.5,4,3.25,2.25,3,4,3.5,1.5
10,10L,robot,humanleader,1,2,leader,4,parasail,3 :52:14,15:52:14,3 :52:14,3 :52:21,3 :52:26,3 :52:30,3 :52:37,3 :52:42,3 :52:44,0,7,12,16,23,28,30,,Male,2,6,2,3.25,1.8,4.2,3.4,4,4,5,4,R1,4,3,31s,4,3,4,3.5,4,3.25,2.25,3,4,3.5,1.5
10,10L,robot,humanleader,1,2,leader,6,pentagon,3 :55:26,15:55:26,3 :55:26,3 :55:30,3 :55:34,3 :55:36,3 :55:39,3 :55:46,3 :55:50,0,4,8,10,13,20,24,,Male,2,6,2,3.25,1.8,4.2,3.4,4,4,5,4,R1,6,3,24s,4,3,4,3.5,4,3.25,2.25,3,4,3.5,1.5
11,11L,robot,humanleader,2,2,leader,6,beaker,4 :49:04,16:49:04,4 :49:04,4 :49:05,4 :49:07,4 :49:09,4 :49:11,4 :49:15,4 :49:18,0,1,3,5,7,11,14,,Female,3,4,5,4,2.5,3.8,3.66666666666667,4,5,5,4,H1,6,1,16s,2,2,3.5,2.25,3.75,2.5,2.25,2.25,3.25,3,3
11,11L,robot,humanleader,2,2,leader,5,jetski,4 :47:48,16:47:48,4 :47:48,4 :47:51,4 :46:53,4 :47:54,4 :47:56,4 :47:59,4 :48:01,0,3,5,6,8,11,13,,Female,3,4,5,4,2.5,3.8,3.66666666666667,4,5,5,4,H1,5,2,14s,2,2,3.5,2.25,3.75,2.5,2.25,2.25,3.25,3,3
11,11L,robot,humanleader,2,2,leader,4,pentagon,4 :46:29,16:46:29,4 :46:29,4 :46:32,4 :46:36,4 :46:39,4 :46:40,4 :46:45,4 :46:48,0,3,7,10,11,16,19,,Female,3,4,5,4,2.5,3.8,3.66666666666667,4,5,5,4,H1,4,3,20s,2,2,3.5,2.25,3.75,2.5,2.25,2.25,3.25,3,3
12,12L,robot,humanleader,1,2,leader,4,beaker,11 :13:32,11 :13:32,11 :13:32,11 :13:34,11 :13:38,11 :13:40,11 :13:43,11 :13:47,11 :13:50,0,2,6,8,11,15,18,,Female,4,1,5,4.25,1,5,2.6,5,4,5,,H1,4,3,20s,3,3,4.5,2.5,4,3,3,2.5,4.25,3.25,2
12,12L,robot,humanleader,1,2,leader,6,jetski,11 :16:09,11 :16:09,11 :16:09,11 :16:11,11 :16:14,11 :16:16,11 :16:20,11 :16:27,11 :16:30,0,2,5,7,11,18,21,,Female,4,1,5,4.25,1,5,2.6,5,4,5,,H1,6,2,22s,3,3,4.5,2.5,4,3,3,2.5,4.25,3.25,2
12,12L,robot,humanleader,1,2,leader,5,M,11 :14:49,11 :14:49,11 :14:49,11 :14:51,11 :14:54,11 :14:58,11 :15:02,11 :15:05,11 :15:08,0,2,5,9,13,16,19,,Female,4,1,5,4.25,1,5,2.6,5,4,5,,H1,5,3,20s,3,3,4.5,2.5,4,3,3,2.5,4.25,3.25,2
13,13L,robot,humanleader,2,2,leader,5,dt,1 :52:04,13:52:04,1 :52:04,1 :52:06,1 :52:08,1 :52:12,1 :52:15,1 :52:18,1 :52:20,0,2,4,8,11,14,16,,Male,3,1,5,3.4,2,4.6,2.8,4,3,5,3,R1,5,3,18s,3,3,4.25,2,3.75,3.25,3.25,1.25,2.5,1.5,1.5
13,13L,robot,humanleader,2,2,leader,4,jetski,1 :49:22,13:49:22,1 :49:22,1 :49:23,1 :49:26,1 :49:28,1 :49:30,1 :49:34,1 :49:38,0,1,4,6,8,12,16,,Male,3,1,5,3.4,2,4.6,2.8,4,3,5,3,R1,4,2,18s,3,3,4.25,2,3.75,3.25,3.25,1.25,2.5,1.5,1.5
13,13L,robot,humanleader,2,2,leader,6,M,1 :53:11,13:53:11,1 :53:11,1 :53:14,1 :53:17,1 :53:20,1 :53:22,1 :53:24,1 :53:28,0,3,6,9,11,13,17,,Male,3,1,5,3.4,2,4.6,2.8,4,3,5,3,R1,6,2,17s,3,3,4.25,2,3.75,3.25,3.25,1.25,2.5,1.5,1.5
14,14L,robot,humanleader,1,2,leader,6,dt,2 :20:55,14:20:55,2 :20:55,2 :20:57,2 :21:03,2 :21:08,2 :21:12,2 :21:16,2 :21:20,0,2,8,13,17,21,25,,Male,3,1,3,4,1,4.6,2.8,4,2,5,,H1,6,2,25s,2,1,4.5,2.75,4,2.75,3.75,3.5,3.5,3,2.5
14,14L,robot,humanleader,1,2,leader,4,M,2 :18:13,14:18:13,2 :18:13,2 :18:16,2 :18:20,2 :18:24,2 :18:27,2 :18:32,2 :18:36,0,3,7,11,14,19,23,,Male,3,1,3,4,1,4.6,2.8,4,2,5,,H1,4,2,23s,2,1,4.5,2.75,4,2.75,3.75,3.5,3.5,3,2.5
14,14L,robot,humanleader,1,2,leader,5,parasail,2 :19:43,14:19:43,2 :19:43,2 :19:45,2 :19:48,2 :19:50,2 :19:54,2 :19:56,2 :19:59,0,2,5,7,11,13,16,,Male,3,1,3,4,1,4.6,2.8,4,2,5,,H1,5,3,18s,2,1,4.5,2.75,4,2.75,3.75,3.5,3.5,3,2.5
15,15L,robot,humanleader,2,2,leader,4,dt,10 :51:35,10 :51:35,10 :51:35,10 :51:38,10 :51:41,10 :51:45,10 :51:49,10 :51:42,10 :51:45,0,3,6,10,14,17,10,,Male,2,4,2,3.75,1.8,3,3.2,4,1,5,2,R1,4,5,20s,4,3,3.75,1.5,3.25,3.25,2,1,4.5,1,2.25
15,15L,robot,humanleader,2,2,leader,6,parasail,10 :54:21,10 :54:21,10 :54:21,10 :54:23,10 :54:25,10 :54:27,10 :54:31,10 :54:37,10 :54:41,0,2,4,6,10,16,20,"Leader had difficulty keeping board level, below robot for most of path",Male,2,4,2,3.75,1.8,3,3.2,4,1,5,2,R1,6,2,25s,4,3,3.75,1.5,3.25,3.25,2,1,4.5,1,2.25
15,15L,robot,humanleader,2,2,leader,5,pentagon,10 :53:07,10 :53:07,10 :53:07,10 :53:09,10 :53:11,10 :53:12,10 :53:13,10 :53:16,10 :53:19,0,2,4,5,6,9,12,,Male,2,4,2,3.75,1.8,3,3.2,4,1,5,2,R1,5,4,12s,4,3,3.75,1.5,3.25,3.25,2,1,4.5,1,2.25
16,16F,robot,humanleader,1,2,leader,5,beaker,12 :13:55,12 :13:55,12 :13:55,12 :13:57,12 :13:58,12 :14:01,12 :14:13,12 :14:05,12:14:07,0,2,3,6,8,10,12,,Male,2,1,5,2,1.2,5,2.5,5,5,5,5,H1,5,3,24s,3,3,2,1.25,2.25,2,2.25,1.25,3.5,2.25,1
16,16F,robot,humanleader,1,2,leader,4,parasail,12 :12:45,12 :12:45,12 :12:45,12 :12:47,12 :12:49,12 :12:51,12 :12:53,12 :12:56,12 :13:00,0,2,4,6,8,11,15,,Male,2,1,5,2,1.2,5,2.5,5,5,5,5,H1,4,2,23s,3,3,2,1.25,2.25,2,2.25,1.25,3.5,2.25,1
16,16F,robot,humanleader,1,2,leader,6,pentagon,12 :15:42,12 :15:42,12 :15:42,12 :15:44,12 :15:45,12 :15:48,12:15:49,12:15:51,12:15:54,0,2,3,6,7,9,12,,Male,2,1,5,2,1.2,5,2.5,5,5,5,5,H1,6,2,19s,3,3,2,1.25,2.25,2,2.25,1.25,3.5,2.25,1
17,17L,robot,humanleader,1,2,leader,6,beaker,11 :01:42,11 :01:42,11 :01:42,11 :01:44,11 :01:47,11 :01:51,11 :01:54,11 :01:58,11 :02:02,0,2,5,9,12,16,20,,Male,2,1,3,3.75,2.6,4.6,2.5,4,1,5,1,H1,6,4,21s,4,3,4.5,3,4.25,3.75,3.5,2.75,4.5,4.75,1
17,17L,robot,humanleader,1,2,leader,5,jetski,11 :00:18,11 :00:18,11 :00:18,11 :00:22,11 :00:25,11 :00:28,11 :00:32,11 :00:37,11 :00:41,0,4,7,10,14,19,23,,Male,2,1,3,3.75,2.6,4.6,2.5,4,1,5,1,H1,5,4,23s,4,3,4.5,3,4.25,3.75,3.5,2.75,4.5,4.75,1
17,17L,robot,humanleader,1,2,leader,4,pentagon,10 :59:01,10 :59:01,10 :59:01,10 :59:05,10 :59:09,10 :59:11,10 :59:12,10 :59:17,10 :59:21,0,4,8,10,11,16,20,,Male,2,1,3,3.75,2.6,4.6,2.5,4,1,5,1,H1,4,3,21s,4,3,4.5,3,4.25,3.75,3.5,2.75,4.5,4.75,1
1,1F,robot,robotleader,2,1,folllower,5,dt,12 :31:48,12 :31:48,12 :31:48,12 :31:52,12 :31:57,12 :32:02,12 :32:06,12 :32:10,12 :32:13,0,4,9,14,18,22,25,,Female,5,1,6,2.6,2.4,4.2,4,4,1,4,,H1,5,3,26s,4,2,3.5,2.75,3.5,2.75,3.5,1.25,4,1.25,2
1,1F,robot,robotleader,2,1,folllower,4,jetski,12 :30:19,12 :30:19,12 :30:19,12 :30:22,12 :30:26,12 :30:30,12 :30:33,12 :30:36,12 :30:42,0,3,7,11,14,17,23,,Female,5,1,6,2.6,2.4,4.2,4,4,1,4,,H1,4,3,24s,4,2,3.5,2.75,3.5,2.75,3.5,1.25,4,1.25,2
1,1F,robot,robotleader,2,1,folllower,6,M,12 :33:03,12 :33:03,12 :33:03,12 :33:08,12 :33:13,12 :33:17,12 :33:22,12 :33:24,12 :33:27,0,5,10,14,19,21,24,,Female,5,1,6,2.6,2.4,4.2,4,4,1,4,,H1,6,5,26s,4,2,3.5,2.75,3.5,2.75,3.5,1.25,4,1.25,2
2,2F,robot,robotleader,1,1,folllower,6,dt,10 :50:10,10 :50:10,10 :50:10,10 :50:14,10 :50:19,10 :50:23,10 :50:29,10 :50:34,10 :50:38,0,4,9,13,19,24,28,Second video,Male,2,1,5,3.75,1.6,4.8,2.6,5,5,5,4,R1,6,4,25s,4,3,3.75,2.25,3.5,2.5,2.75,1.75,4,3.5,1.5
2,2F,robot,robotleader,1,1,folllower,4,M,10 :45:33,10 :45:33,10 :45:33,10 :45:37,10 :45:40,10 :45:44,10 :45:49,10 :45:53,10 :45:56,0,4,7,11,16,20,23,First video,Male,2,1,5,3.75,1.6,4.8,2.6,5,5,5,4,R1,4,4,24s,4,3,3.75,2.25,3.5,2.5,2.75,1.75,4,3.5,1.5
2,2F,robot,robotleader,1,1,folllower,5,parasail,10 :48:16,10 :48:16,10 :48:16,10 :48:20,10 :48:24,10 :48:30,10 :48:34,10 :48:38,10 :48:40,0,4,8,14,18,22,24,Second video,Male,2,1,5,3.75,1.6,4.8,2.6,5,5,5,4,R1,5,3,24s,4,3,3.75,2.25,3.5,2.5,2.75,1.75,4,3.5,1.5
3,3F,robot,robotleader,2,1,folllower,4,dt,2 :21:48,14:21:48,2 :21:48,2 :21:52,2 :21:57,2 :22:00,2 :22:07,2 :22:12,2 :22:15,0,4,9,12,19,24,27,,Male,3,4,6,4,1,4.8,3.6,4,5,5,5,H1,4,5,27s,4,1,3.25,3.5,2.75,3,3.25,3,3.75,4.75,1.5
3,3F,robot,robotleader,2,1,folllower,6,parasail,2 :24:24,14:24:24,2 :24:24,2 :24:27,2 :24:30,2 :24:36,2 :24:41,2 :24:43,2 :24:45,0,3,6,12,17,19,21,,Male,3,4,6,4,1,4.8,3.6,4,5,5,5,H1,6,5,21s,4,1,3.25,3.5,2.75,3,3.25,3,3.75,4.75,1.5
3,3F,robot,robotleader,2,1,folllower,5,pentagon,2:23:21,14:23:21,2:23:21,2 :23:24,2 :23:28,2 :23:30,2 :23:25,2 :23:39,2 :23:41,0,3,7,9,14,18,20,,Male,3,4,6,4,1,4.8,3.6,4,5,5,5,H1,5,4,21s,4,1,3.25,3.5,2.75,3,3.25,3,3.75,4.75,1.5
4,4F,robot,robotleader,1,1,folllower,5,beaker,10 :56:42,10 :56:42,10 :56:42,10 :56:45,10 :56:49,10 :56:52,10 :56:55,10 :57:02,10 :57:05,0,3,7,10,13,20,23,,Female,5,1,6,N/A,2.66666666666667,4,4,4,1,5,1,H1,5,5,25s,4,3,2,1,1.5,3,2,1.5,2.5,3,1.5
4,4F,robot,robotleader,1,1,folllower,4,parasail,10 :55:16,10 :55:16,10 :55:16,10 :55:20,10 :55:25,10 :55:30,10 :55:34,10 :55:38,10 :55:33,0,4,9,14,18,22,24,"Board angled to center, not straight in robot grip",Female,5,1,6,N/A,2.66666666666667,4,4,4,1,5,1,H1,4,5,26s,4,3,2,1,1.5,3,2,1.5,2.5,3,1.5
4,4F,robot,robotleader,1,1,folllower,6,pentagon,10 :57:56,10 :57:56,10 :57:56,10 :57:58,10 :58:01,10 :58:05,10 :58:09,10 :58:12,10 :58:15,0,2,5,9,13,16,19,,Female,5,1,6,N/A,2.66666666666667,4,4,4,1,5,1,H1,6,5,18s,4,3,2,1,1.5,3,2,1.5,2.5,3,1.5
5,5F,robot,robotleader,1,1,folllower,6,beaker,6 :35:03,18:35:03,6 :35:03,6 :35:07,6 :35:10,6 :35:13,6 :35:18,6 :35:24,6 :35:26,0,4,7,10,15,21,23,,Male,2,1,2,3,1.8,4.8,3.6,5,3,5,4,H1,6,2,24s,4,3,1.75,1.5,2.75,2.5,2.75,1.5,3.25,2,3
5,5F,robot,robotleader,1,1,folllower,5,jetski,6 :33:47,18:33:47,6 :33:47,6 :33:51,6 :33:54,6 :33:58,6 :34:01,6 :34:04,6 :34:08,0,4,7,11,14,17,21,Board twisted in gripper,Male,2,1,2,3,1.8,4.8,3.6,5,3,5,4,H1,5,3,21s,4,3,1.75,1.5,2.75,2.5,2.75,1.5,3.25,2,3
5,5F,robot,robotleader,1,1,folllower,4,pentagon,6 :32:44,18:32:44,6 :32:44,6 :32:46,6 :32:48,6 :32:52,6 :32:55,6 :32:59,6 :33:01,0,2,4,8,11,15,17,,Male,2,1,2,3,1.8,4.8,3.6,5,3,5,4,H1,4,4,17s,4,3,1.75,1.5,2.75,2.5,2.75,1.5,3.25,2,3
6,6F,robot,robotleader,,1,folllower,4,beaker,6 :12:48,18:12:48,6 :12:48,6 :12:51,6 :12:55,6 :12:58,6 :13:01,6 :13:06,6 :13:08,0,3,7,10,13,18,20,,Female,4,1,5,5,1,5,3,5,5,5,5,R1,4,3,19s,3,1,3.75,2.25,3,2,3.75,1.75,3.25,3,2
6,6F,robot,robotleader,,1,folllower,6,jetski,6 :15:41,18:15:41,6 :15:41,6 :15:45,6 :15:49,6 :15:53,6 :15:56,6 :16:00,6 :16:03,0,4,8,12,15,19,22,,Female,4,1,5,5,1,5,3,5,5,5,5,R1,6,4,21s,3,1,3.75,2.25,3,2,3.75,1.75,3.25,3,2
6,6F,robot,robotleader,,1,folllower,5,M,6 :14:07,18:14:07,6 :14:07,6 :14:12,6 :14:16,6 :14:20,6 :14:23,6 :14:28,6 :14:32,0,5,9,13,16,21,25,,Female,4,1,5,5,1,5,3,5,5,5,5,R1,5,4,25s,3,1,3.75,2.25,3,2,3.75,1.75,3.25,3,2
7,7L,robot,robotleader,2,1,follower,5,dt,12 :30:36,12 :30:36,12 :30:36,12 :30:40,12 :30:45,12 :30:48,12 :30:56,12 :31:01,12 :31:03,0,4,9,12,20,25,27,,Male,2,2,2,4,1.6,5,3.8,4,4,5,4,R1,5,2,18s,3,3,4.5,2.25,4.25,3,2.5,2,3.75,3.75,1.75
7,7L,robot,robotleader,2,1,follower,4,jetski,12 :29:27,12 :29:27,12 :29:27,12 :29:30,12 :29:34,12 :29:37,12 :29:40,12 :29:45,12 :29:48,0,3,7,10,13,18,21,,Male,2,2,2,4,1.6,5,3.8,4,4,5,4,R1,4,3,20,3,3,4.5,2.25,4.25,3,2.5,2,3.75,3.75,1.75
7,7L,robot,robotleader,2,1,follower,6,M,12 :31:42,12 :31:42,12 :31:42,12 :31:47,12 :31:51,12 :31:55,12 :31:59,12 :32:04,12 :32:07,0,5,9,13,17,22,25,,Male,2,2,2,4,1.6,5,3.8,4,4,5,4,R1,6,3,38s,3,3,4.5,2.25,4.25,3,2.5,2,3.75,3.75,1.75
8,8F,robot,robotleader,2,1,folllower,6,dt,12 :17:59,12 :17:59,12 :17:59,12 :18:04,12 :18:10,12 :18:16,12 :18:20,12 :18:24,12 :18:26,0,5,11,17,21,25,27,,Male,2,1,3,2.8,2.8,4.8,4.4,4,4,4,2,R1,6,2,26s,4,3,3.5,1,4,2.5,3.5,1.25,3.25,2.75,1.75
8,8F,robot,robotleader,2,1,folllower,4,M,12 :15:32,12 :15:32,12 :15:32,12 :15:38,12 :15:42,12 :15:46,12 :15:51,12 :15:54,12 :15:59,0,6,10,14,19,22,27,,Male,2,1,3,2.8,2.8,4.8,4.4,4,4,4,2,R1,4,4,25s,4,3,3.5,1,4,2.5,3.5,1.25,3.25,2.75,1.75
8,8F,robot,robotleader,2,1,folllower,5,parasail,12 :16:49,12 :16:49,12 :16:49,12 :16:52,12 :16:56,12 :17:00,12 :17:06,12 :17:09,12 :17:11,0,3,7,11,17,20,22,,Male,2,1,3,2.8,2.8,4.8,4.4,4,4,4,2,R1,5,3,23s,4,3,3.5,1,4,2.5,3.5,1.25,3.25,2.75,1.75
9,9F,robot,robotleader,1,1,folllower,4,dt,8 :48:00,8 :48:00,8 :48:00,8 :48:04,8 :48:10,8 :48:15,8 :48:20,8 :48:23,8 :48:26,0,4,10,15,20,23,26,,Female,2,4,2,3,2.75,4,4,4,1,4,2,H1,4,2,26s,2,3,3.25,1.5,2.25,2,2.5,1,3.25,1.5,1.5
9,9F,robot,robotleader,1,1,folllower,6,parasail,8 :51:13,8 :51:13,8 :51:13,8 :51:17,8 :51:20,8 :51:23,8 :51:26,8 :51:28,8 :51:31,0,4,7,10,13,15,18,,Female,2,4,2,3,2.75,4,4,4,1,4,2,H1,6,2,20s,2,3,3.25,1.5,2.25,2,2.5,1,3.25,1.5,1.5
9,9F,robot,robotleader,1,1,folllower,5,pentagon,8 :50:10,8 :50:10,8 :50:10,8 :50:13,8 :50:16,8 :50:21,8 :50:25,8 :50:29,8 :50:31,0,3,6,11,15,19,21,,Female,2,4,2,3,2.75,4,4,4,1,4,2,H1,5,3,18s,2,3,3.25,1.5,2.25,2,2.5,1,3.25,1.5,1.5
10,10F,robot,robotleader,2,1,folllower,5,beaker,3 :28:18,15:28:18,3 :28:18,3 :28:20,3 :28:25,3 :28:29,3 :28:31,3 :28:35,3 :28:38,0,2,7,11,13,17,20,,Female,2,6,3,4.4,1.6,4.4,4.5,5,4,5,4,H1,5,4,22s,4,3,3.25,3,3,3.25,3.5,3.25,4.5,3.75,1
10,10F,robot,robotleader,2,1,folllower,4,parasail,3 :26:44,15:26:44,3 :26:44,3 :26:48,3 :26:53,3 :26:58,3 :27:03,3 :27:07,3 :27:10,0,4,9,14,19,23,26,,Female,2,6,3,4.4,1.6,4.4,4.5,5,4,5,4,H1,4,3,26s,4,3,3.25,3,3,3.25,3.5,3.25,4.5,3.75,1
10,10F,robot,robotleader,2,1,folllower,6,pentagon,3 :29:18,15:29:18,3 :29:18,3 :29:20,3 :29:24,3 :29:28,3 :29:32,3 :29:36,3 :29:38,0,2,6,10,14,18,20,,Female,2,6,3,4.4,1.6,4.4,4.5,5,4,5,4,H1,6,5,19s,4,3,3.25,3,3,3.25,3.5,3.25,4.5,3.75,1
11,11F,robot,robotleader,1,1,folllower,6,beaker,5 :13:40,17:13:40,5 :13:40,5 :13:42,5 :13:47,5 :13:50,5 :13:55,5 :13:58,5 :14:01,0,2,7,10,15,18,21,,Female,2,4,5,4,2,4,2.66666666666667,4,4,4,4,R1,6,2,21s,4,2,1.75,1.75,2.25,2,2.5,1.5,3.25,3,2
11,11F,robot,robotleader,1,1,folllower,5,jetski,5 :12:11,17:12:11,5 :12:11,5 :12:16,5 :12:21,5 :12:25,5 :12:27,5 :12:33,5 :12:36,0,5,10,14,16,22,25,,Female,2,4,5,4,2,4,2.66666666666667,4,4,4,4,R1,5,2,24s,4,2,1.75,1.75,2.25,2,2.5,1.5,3.25,3,2
11,11F,robot,robotleader,1,1,folllower,4,pentagon,5 :09:49,17:09:49,5 :09:49,5 :09:51,5 :09:53,5 :09:57,5 :10:00,5 :10:04,5 :10:06,0,2,4,8,11,15,17,,Female,2,4,5,4,2,4,2.66666666666667,4,4,4,4,R1,4,3,18s,4,2,1.75,1.75,2.25,2,2.5,1.5,3.25,3,2
12,12F,robot,robotleader,2,1,folllower,4,beaker,10 :55:38,10 :55:38,10 :55:38,10 :55:43,10 :55:47,10 :55:50,10 :55:54,10 :55:59,10 :56:02,0,5,9,12,16,21,24,,Female,,1,,4,1.4,5,1.25,5,5,5,5,R1,4,3,21s,4,3,4.5,3.5,4,3.75,3,3.25,4.5,3.5,1.25
12,12F,robot,robotleader,2,1,folllower,6,jetski,10 :59:05,10 :59:05,10 :59:05,10 :59:09,10 :59:13,10 :59:16,10 :59:20,10 :59:23,10 :59:27,0,4,8,11,15,18,22,,Female,,1,,4,1.4,5,1.25,5,5,5,5,R1,6,4,22s,4,3,4.5,3.5,4,3.75,3,3.25,4.5,3.5,1.25
12,12F,robot,robotleader,2,1,folllower,5,M,10 :57:51,10 :57:51,10 :57:51,10 :57:54,10 :58:00,10 :58:05,10 :58:09,10 :58:14,10 :58:17,0,3,9,14,18,23,26,,Female,,1,,4,1.4,5,1.25,5,5,5,5,R1,5,4,25s,4,3,4.5,3.5,4,3.75,3,3.25,4.5,3.5,1.25
13,13F,robot,robotleader,1,1,folllower,5,dt,2 :11:55,14:11:55,2 :11:55,2 :11:58,2 :12:04,2 :12:10,2 :12:14,2 :12:19,2 :12:22,0,3,9,15,19,24,27,,Nonbinary,3,4,5,3.6,1.2,4.6,3.6,4,3,5,4,H1,5,3,27s,3,3,3,2.75,3.25,3,3,2.75,3.25,3.25,2.25
13,13F,robot,robotleader,1,1,folllower,4,jetski,2 :10:42,14:10:42,2 :10:42,2 :10:46,2 :10:53,2 :10:57,2 :11:00,2 :11:05,2 :11:09,0,4,11,15,18,23,27,,Nonbinary,3,4,5,3.6,1.2,4.6,3.6,4,3,5,4,H1,4,4,19s,3,3,3,2.75,3.25,3,3,2.75,3.25,3.25,2.25
13,13F,robot,robotleader,1,1,folllower,6,M,2 :13:10,14:13:10,2 :13:10,2 :13:15,2 :13:18,2 :13:24,2 :13:28,2 :13:32,2 :13:36,0,5,8,14,18,22,26,,Nonbinary,3,4,5,3.6,1.2,4.6,3.6,4,3,5,4,H1,6,3,26s,3,3,3,2.75,3.25,3,3,2.75,3.25,3.25,2.25
14,14F,robot,robotleader,2,1,folllower,6,dt,2 :01:35,14:01:35,2 :01:35,2 :01:39,2 :01:44,2 :01:49,2 :01:55,2 :02:00,2 :02:03,0,4,9,14,20,25,28,,Female,4,1,6,3,2.6,4.4,3.8,4,4,5,3,R1,6,2,29s,3,1,3.75,2,3.75,3,2.5,1.75,3.5,3.75,2
14,14F,robot,robotleader,2,1,folllower,4,M,1 :57:53,13:57:53,1 :57:53,1 :57:58,1:58:02,1:58:07,1 :58:10,1 :58:15,1 :58:18,0,5,9,12,17,22,25,,Female,4,1,6,3,2.6,4.4,3.8,4,4,5,3,R1,4,3,25s,3,1,3.75,2,3.75,3,2.5,1.75,3.5,3.75,2
14,14F,robot,robotleader,2,1,folllower,5,parasail,2 :00:00,14:00:00,2 :00:00,2 :00:05,2 :00:10,2 :00:16,2 :00:20,2 :00:24,2 :00:27,0,5,10,16,20,24,27,,Female,4,1,6,3,2.6,4.4,3.8,4,4,5,3,R1,5,2,26s,3,1,3.75,2,3.75,3,2.5,1.75,3.5,3.75,2
15,15F,robot,robotleader,1,1,folllower,4,dt,11 :07:05,11 :07:05,11 :07:05,11 :07:09,11 :07:14,11 :07:20,11 :07:25,11 :07:31,11 :07:33,0,4,9,15,20,26,28,,Male,2,1,2,3.33333333333333,2.2,4.4,3.4,4,,4,2,H1,4,2,29s,2,3,3.5,2.25,2.75,2.75,3,1.75,4.25,4.5,1
15,15F,robot,robotleader,1,1,folllower,6,parasail,11 :09:28,11 :09:28,11 :09:28,11 :09:31,11 :09:36,11 :09:41,11:09:44,11 :09:48,,0,3,8,13,16,20,23,,Male,2,1,2,3.33333333333333,2.2,4.4,3.4,4,,4,2,H1,6,2,24s,2,3,3.5,2.25,2.75,2.75,3,1.75,4.25,4.5,1
15,15F,robot,robotleader,1,1,folllower,5,pentagon,11 :08:27,11 :08:27,11 :08:27,11 :08:29,11 :08:32,11 :08:36,11 :08:40,11 :08:44,11 :08:46,0,2,5,9,13,17,19,,Male,2,1,2,3.33333333333333,2.2,4.4,3.4,4,,4,2,H1,5,2,19s,2,3,3.5,2.25,2.75,2.75,3,1.75,4.25,4.5,1
16,16L,robot,robotleader,2,1,follower,5,beaker,12 :33:03,12 :33:03,12 :33:03,12 :33:08,12 :33:11,12 :33:14,12 :33:18,12 :33:24,12 :33:26,0,5,8,11,15,21,23,,Male,3,1,6,3,1.6,4.8,3.6,5,5,5,5,R1,5,4,14s,3,3,4.25,1.5,4,1.75,2,1.75,4,3,2
16,16L,robot,robotleader,2,1,follower,4,parasail,12 :31:08,12 :31:08,12 :31:08,12 :31:13,12 :31:16,12 :31:21,12 :31:25,12 :31:30,12 :31:32,0,5,8,13,17,22,24,,Male,3,1,6,3,1.6,4.8,3.6,5,5,5,5,R1,4,3,16s,3,3,4.25,1.5,4,1.75,2,1.75,4,3,2
16,16L,robot,robotleader,2,1,follower,6,pentagon,12 :34:08,12 :34:08,12 :34:08,12 :34:11,12 :34:14,12 :34:17,12 :34:22,12 :34:26,12 :34:28,0,3,6,9,14,18,20,,Male,3,1,6,3,1.6,4.8,3.6,5,5,5,5,R1,6,3,13s,3,3,4.25,1.5,4,1.75,2,1.75,4,3,2
17,17F,robot,robotleader,2,1,folllower,6,beaker,10 :44:36,10 :44:36,10 :44:36,10 :44:38,10 :44:44,10 :44:47,10 :44:51,10 :44:58,10 :45:00,0,2,8,11,15,22,24,,Male,2,"1,4",3,3.6,1.8,4.2,2.75,4,3,4,1,R1,6,4,24s,4,3,3.5,3,3.75,3.5,3,3.25,3.25,3,2.5
17,17F,robot,robotleader,2,1,folllower,5,jetski,10 :43:26,10 :43:26,10 :43:26,10:43:40,10 :43:34,10 :43:37,10 :43:40,10 :43:45,10 :43:48,0,4,8,11,14,19,22,,Male,2,"1,4",3,3.6,1.8,4.2,2.75,4,3,4,1,R1,5,4,21s,4,3,3.5,3,3.75,3.5,3,3.25,3.25,3,2.5
17,17F,robot,robotleader,2,1,folllower,4,pentagon,10 :42:19,10 :42:19,10 :42:19,10:42:21,10 :42:24,10 :42:28,10 :42:31,10 :42:35,10 :42:36,0,2,5,9,12,16,17,,Male,2,"1,4",3,3.6,1.8,4.2,2.75,4,3,4,1,R1,4,4,19s,4,3,3.5,3,3.75,3.5,3,3.25,3.25,3,2.5